{
    "20241123_233728.mp4": {
        "name": "G5",
        "sync": 0,
        "length": 1016.5298222222223
    },
    "VID_20241123_233549134.mp4": {
        "name": "NP2_2",
        "sync": 58,
        "length": 776
    },
    "2024_1123_235740_002.MOV": {
        "name": "apeman",
        "sync": 283,
        "length": 994.8666666666667
    }
}
