{
    "20240412_143345.mp4": {
        "sync": 0.0,
        "length": 1404.2715444444445
    },
    "apeman.mp4": {
        "sync": 382.921,
        "length": 1741.1
    },
    "dragon.MP4": {
        "sync": 411.054,
        "length": 1770.4
    },
    "VID_20240412_143257805.mp4": {
        "sync": 18.886999999999944,
        "length": 1211.0541666666666
    }
}
