{
    "20240412_143345.mp4": {
        "sync": 0,
        "edits": [],
        "length": 1404.2715444444445
    },
    "2024_0412_133346_002A.MOV": {
        "sync": 384,
        "edits": [],
        "length": 1500.1666666666667
    },
    "dragon.MP4": {
        "sync": 412,
        "edits": [],
        "length": 1770.4
    },
    "VID_20240412_143257805.mp4": {
        "sync": 20,
        "edits": [],
        "length": 1211.0541666666666
    }
}
