{
"20230311_111820.mp4":{"sync":332,"edits":[]},
"2023_0311_112833_002A.MOV":{"sync":0,"edits":[]},
"apexcam.MOV":{"sync":18.189768,"edits":[]},
"dragon.MP4":{"sync":54.74556,"edits":[]}
}
