{
	"20240930_104912.mp4": {
	    "sync": 0,
	    "name": "G5_3",
	    "length": 1350.2088666666666
	},
	"VID_20240930_104246172.mp4": {
	    "sync": 380,
	    "name": "NP2_2",
	    "length": 1741.1298444444444
	},
	"2024_0930_100638_002.MOV": {
	    "sync": 180.7,
	    "name": "apeman_1",
	    "length": 1500.2333333333333
	}
}
